transaksie_id,datum,winkel,produkkategorie,produk,verkoopsprys,kosprys,hoeveelheid,bruto_wins,winsmarge
28,2024-07-02,Stellenbosch,Toestelle,Yskas,9553.12,7061.57,2,4983.100000000002,26.081008089503754
23,2024-07-02,Stellenbosch,Meubels,Hangkas,17888.94,11596.54,2,12584.799999999996,35.17480633285146
20,2024-07-03,Stellenbosch,Meubels,Hangkas,15361.07,9583.15,3,17333.760000000002,37.61404641733942
17,2024-07-04,Worcester,Meubels,Bank,8735.28,5674.47,2,6121.620000000001,35.03963238728467
27,2024-07-06,Stellenbosch,Meubels,Bank,21413.21,14704.17,2,13418.079999999998,31.331313707753296
1,2024-07-07,Stellenbosch,Meubels,Eetkamerstel,5795.33,3779.86,1,2015.4699999999998,34.77748462986577
9,2024-07-07,Stellenbosch,Toestelle,Mikrogolf,6454.62,4206.58,2,4496.08,34.82838648905745
18,2024-07-08,Paarl,Toestelle,Skottelgoedwasser,4548.61,3146.7,1,1401.9099999999999,30.820624322595254
6,2024-07-08,Stellenbosch,Meubels,Hangkas,5065.21,3131.75,1,1933.46,38.17136900543117
5,2024-07-11,Stellenbosch,Meubels,Bed,18147.0,10993.8,2,14306.400000000001,39.418085633989094
13,2024-07-11,Worcester,Toestelle,Stoof,15213.29,10918.83,3,12883.380000000003,28.22834508511966
14,2024-07-11,Paarl,Meubels,Eetkamerstel,21054.07,13950.3,1,7103.77,33.74060217335651
25,2024-07-12,Paarl,Toestelle,Wasmasjien,5588.5,4152.78,2,2871.4400000000005,25.69061465509529
4,2024-07-15,Stellenbosch,Toestelle,Stoof,10145.6,6674.24,1,3471.3600000000006,34.21542343478947
11,2024-07-19,Paarl,Toestelle,Yskas,7652.51,4985.84,3,8000.01,34.846997913103024
2,2024-07-20,Stellenbosch,Toestelle,Mikrogolf,15788.32,10569.3,2,10438.04,33.056208640311326
22,2024-07-21,Stellenbosch,Toestelle,Wasmasjien,4748.79,3541.91,3,3620.6400000000003,25.414474002851257
30,2024-07-21,Worcester,Toestelle,Wasmasjien,12286.44,8416.48,3,11609.880000000003,31.497813850065608
8,2024-07-21,Stellenbosch,Toestelle,Wasmasjien,8786.32,5791.76,3,8983.679999999998,34.082073040817995
16,2024-07-21,Stellenbosch,Meubels,Eetkamerstel,10404.19,6924.74,1,3479.4500000000007,33.44277641988469
21,2024-07-22,Paarl,Toestelle,Wasmasjien,9288.2,6533.63,1,2754.5700000000006,29.656661139941004
12,2024-07-23,Paarl,Toestelle,Skottelgoedwasser,13575.49,9660.12,3,11746.109999999997,28.841463549382002
19,2024-07-24,Stellenbosch,Meubels,Bed,15507.45,10197.58,3,15929.610000000002,34.24076814692293
24,2024-07-24,Paarl,Meubels,Eetkamerstel,16253.7,10652.19,1,5601.51,34.46298381291644
15,2024-07-24,Worcester,Toestelle,Mikrogolf,7835.46,5261.19,2,5148.540000000001,32.85410173748574
10,2024-07-26,Stellenbosch,Meubels,Bed,13222.82,8792.88,2,8859.880000000001,33.50223326037865
29,2024-07-28,Stellenbosch,Meubels,Eetkamerstel,15788.72,10836.02,2,9905.399999999998,31.36859732771244
7,2024-07-29,Stellenbosch,Toestelle,Skottelgoedwasser,12564.09,8693.85,2,7740.48,30.803981824389986
3,2024-07-29,Paarl,Toestelle,Mikrogolf,5858.44,4375.98,2,2964.92,25.304688620178755
26,2024-07-30,Stellenbosch,Meubels,Studeertafel,19214.78,12577.83,3,19910.85,34.54085865151721
31,2024-07-31,Stellenbosch,Meubels,Eetkamerstel,8471.93,5384.48,2,6174.9000000000015,36.44328978166723
55,2024-08-02,Worcester,Meubels,Boekrak,4457.19,2705.58,2,3503.2199999999993,39.29852665019889
56,2024-08-04,Stellenbosch,Meubels,Eetkamerstel,15752.3,10029.54,3,17168.279999999995,36.32967884055026
58,2024-08-06,Worcester,Meubels,Studeertafel,24408.43,16179.0,3,24688.29,33.715523694068
60,2024-08-08,Stellenbosch,Meubels,Bank,22672.78,13951.38,2,17442.8,38.46639009420107
41,2024-08-09,Worcester,Toestelle,Skottelgoedwasser,5864.59,3872.16,2,3984.8600000000006,33.97390098881593
32,2024-08-11,Stellenbosch,Meubels,Boekrak,15572.41,10539.48,1,5032.93,32.319531787308456
51,2024-08-11,Stellenbosch,Meubels,Studeertafel,16646.81,11204.97,3,16325.520000000006,32.6899868503335
36,2024-08-11,Stellenbosch,Toestelle,Wasmasjien,11323.37,8105.3,2,6436.140000000001,28.41971957111708
48,2024-08-14,Stellenbosch,Meubels,Bed,17777.42,11812.57,3,17894.549999999996,33.552956503249625
45,2024-08-14,Stellenbosch,Meubels,Bed,3300.78,2013.4,1,1287.38,39.00229642690516
44,2024-08-15,Stellenbosch,Meubels,Bed,24338.12,16719.31,1,7618.809999999998,31.30402019547935
38,2024-08-16,Worcester,Toestelle,Droër,10379.19,7419.8,2,5918.780000000001,28.51272594489551
50,2024-08-18,Worcester,Meubels,Studeertafel,4944.98,3372.03,1,1572.9499999999994,31.809026527913147
57,2024-08-18,Stellenbosch,Meubels,Eetkamerstel,6054.2,4036.66,1,2017.54,33.32463413828417
53,2024-08-19,Paarl,Meubels,Bank,10661.62,6972.86,3,11066.280000000002,34.598494412669
59,2024-08-20,Stellenbosch,Meubels,Boekrak,10647.62,6448.23,2,8398.780000000002,39.439705774623825
34,2024-08-21,Stellenbosch,Meubels,Bed,7919.11,5536.4,1,2382.71,30.088103334844448
52,2024-08-22,Worcester,Toestelle,Yskas,8908.23,6341.22,2,5134.019999999999,28.816162133218377
37,2024-08-24,Stellenbosch,Toestelle,Droër,12180.4,9051.11,1,3129.289999999999,25.691192407474293
54,2024-08-24,Stellenbosch,Toestelle,Stoof,13766.99,10085.38,2,7363.220000000001,26.742301694124865
33,2024-08-25,Worcester,Toestelle,Stoof,12167.16,9115.81,3,9154.050000000001,25.078572156526256
40,2024-08-26,Worcester,Toestelle,Droër,4452.42,3030.76,1,1421.6599999999999,31.93005152254279
39,2024-08-26,Stellenbosch,Meubels,Bank,8046.68,5062.25,1,2984.4300000000003,37.08896091307223
43,2024-08-27,Paarl,Meubels,Bed,20107.25,13082.57,3,21074.04,34.936055402901935
42,2024-08-27,Worcester,Toestelle,Wasmasjien,9855.4,7354.67,2,5001.459999999999,25.374211092396042
35,2024-08-28,Worcester,Meubels,Studeertafel,3954.82,2749.57,1,1205.25,30.47547043860403
46,2024-08-29,Paarl,Toestelle,Stoof,11776.04,8594.37,1,3181.67,27.018165699165426
47,2024-08-29,Paarl,Meubels,Studeertafel,12911.97,7945.74,3,14898.689999999999,38.46221761667662
49,2024-08-29,Stellenbosch,Toestelle,Yskas,10666.95,7851.74,2,5630.420000000002,26.39189271534976
89,2024-08-31,Worcester,Toestelle,Droër,14533.64,10558.84,3,11924.399999999998,27.348964196168335
72,2024-08-31,Stellenbosch,Meubels,Bed,4765.14,3134.1,1,1631.0400000000004,34.228585099283556
82,2024-09-01,Stellenbosch,Toestelle,Droër,4673.33,3430.33,3,3729.0,26.59773651764374
63,2024-09-02,Paarl,Toestelle,Droër,7305.63,5346.63,2,3918.0,26.81493587821995
88,2024-09-02,Paarl,Meubels,Boekrak,20468.55,13659.61,2,13617.879999999997,33.265375417408656
85,2024-09-02,Worcester,Meubels,Hangkas,22792.68,15219.86,1,7572.82,33.22478971318862
61,2024-09-05,Paarl,Meubels,Bed,13585.2,9158.76,2,8852.880000000001,32.58281070576805
77,2024-09-05,Paarl,Meubels,Hangkas,6395.98,4178.75,3,6651.689999999999,34.66599332705855
80,2024-09-06,Paarl,Meubels,Eetkamerstel,10675.1,7457.0,2,6436.200000000001,30.14585343462825
87,2024-09-06,Paarl,Toestelle,Stoof,11599.89,8105.34,3,10483.649999999998,30.125716709382584
69,2024-09-07,Paarl,Toestelle,Wasmasjien,11902.42,8253.43,1,3648.99,30.657546952636523
78,2024-09-10,Paarl,Meubels,Bank,15069.27,9948.33,2,10241.880000000001,33.98266803899592
66,2024-09-12,Stellenbosch,Meubels,Studeertafel,7010.25,4638.61,1,2371.6400000000003,33.83103313005956
83,2024-09-12,Paarl,Meubels,Hangkas,21152.92,13191.58,3,23884.019999999997,37.63707327404443
75,2024-09-13,Paarl,Meubels,Studeertafel,19928.84,12429.5,2,14998.68,37.63058963793176
81,2024-09-13,Paarl,Meubels,Studeertafel,19079.08,13344.47,3,17203.83000000001,30.057057258526104
84,2024-09-15,Paarl,Meubels,Boekrak,9956.32,6612.43,2,6687.779999999999,33.585601909139115
62,2024-09-16,Stellenbosch,Meubels,Bed,9091.31,6237.63,1,2853.6799999999994,31.38909574087782
86,2024-09-16,Paarl,Meubels,Bed,10817.97,6970.05,2,7695.839999999998,35.56970485220424
67,2024-09-16,Stellenbosch,Meubels,Boekrak,8130.76,5198.87,1,2931.8900000000003,36.059236774914034
73,2024-09-18,Worcester,Meubels,Bank,15671.97,10928.35,3,14230.859999999997,30.26817943117553
71,2024-09-19,Paarl,Meubels,Hangkas,7957.32,5105.97,2,5702.699999999999,35.833044291294044
64,2024-09-23,Stellenbosch,Toestelle,Droër,6068.35,4057.67,3,6032.040000000001,33.13388318076578
70,2024-09-24,Stellenbosch,Toestelle,Yskas,7420.94,5235.24,2,4371.4,29.453142054780123
68,2024-09-24,Paarl,Toestelle,Skottelgoedwasser,10714.15,7651.33,2,6125.639999999999,28.586682097973238
76,2024-09-26,Paarl,Meubels,Boekrak,8333.01,5136.59,2,6392.84,38.358528310898464
74,2024-09-26,Worcester,Meubels,Hangkas,17710.15,12371.0,3,16017.450000000004,30.147401348943976
65,2024-09-26,Worcester,Meubels,Boekrak,5357.78,3482.24,3,5626.62,35.00591662964885
79,2024-09-27,Stellenbosch,Toestelle,Wasmasjien,5943.55,3896.09,1,2047.46,34.44843569920334
90,2024-09-28,Paarl,Meubels,Hangkas,18709.41,12247.84,2,12923.14,34.53647121956278
100,2024-09-30,Stellenbosch,Meubels,Bed,7522.76,5168.31,2,4708.9,31.29768861428518
94,2024-10-02,Worcester,Meubels,Hangkas,11818.73,7730.03,2,8177.4,34.59508762785849
103,2024-10-02,Stellenbosch,Meubels,Boekrak,12216.36,8550.02,1,3666.34,30.01172198592707
91,2024-10-04,Stellenbosch,Toestelle,Mikrogolf,10398.0,7476.41,3,8764.77,28.0976149259473
113,2024-10-06,Stellenbosch,Toestelle,Yskas,15274.41,11577.52,2,7393.779999999999,24.203160711281154
107,2024-10-06,Stellenbosch,Meubels,Bed,3804.09,2491.94,3,3936.4500000000003,34.493137649214404
93,2024-10-08,Paarl,Meubels,Bank,8539.58,5484.77,3,9164.429999999998,35.77236819609394
101,2024-10-08,Stellenbosch,Meubels,Bed,21997.4,15413.68,3,19751.160000000003,29.929537127115026
99,2024-10-10,Stellenbosch,Toestelle,Wasmasjien,16178.55,11493.38,3,14055.51,28.959146524255885
116,2024-10-11,Worcester,Toestelle,Yskas,16497.4,12218.5,3,12836.700000000004,25.93681428588748
104,2024-10-12,Paarl,Meubels,Bank,3288.08,2217.63,3,3211.3499999999995,32.5554731028442
108,2024-10-12,Stellenbosch,Toestelle,Yskas,11341.46,7967.45,2,6748.019999999999,29.74934444066284
106,2024-10-13,Stellenbosch,Meubels,Studeertafel,11741.0,7637.34,3,12310.98,34.95153734775573
118,2024-10-13,Stellenbosch,Toestelle,Stoof,17278.35,12702.74,1,4575.609999999999,26.481753176663275
115,2024-10-14,Worcester,Meubels,Bed,7573.5,4619.63,1,2953.87,39.002706806628375
105,2024-10-14,Worcester,Meubels,Boekrak,12121.73,7466.09,1,4655.639999999999,38.40738904430308
97,2024-10-16,Stellenbosch,Meubels,Bank,4516.27,2778.02,2,3476.500000000001,38.48862003378895
117,2024-10-16,Stellenbosch,Meubels,Boekrak,21274.4,13662.97,2,15222.860000000004,35.777413229045244
114,2024-10-19,Worcester,Meubels,Studeertafel,6103.8,3957.83,3,6437.910000000001,35.15793440152037
119,2024-10-19,Worcester,Meubels,Hangkas,13363.44,8361.76,2,10003.36,37.4280873786989
92,2024-10-20,Paarl,Meubels,Boekrak,18889.56,12848.03,3,18124.590000000004,31.983434235630686
95,2024-10-20,Paarl,Toestelle,Droër,5411.12,3700.17,3,5132.849999999999,31.619147237540467
109,2024-10-21,Stellenbosch,Toestelle,Mikrogolf,6546.99,4878.3,3,5006.069999999999,25.48789596440501
120,2024-10-22,Stellenbosch,Meubels,Bank,16936.52,10727.41,2,12418.220000000001,36.6610732311006
111,2024-10-23,Worcester,Toestelle,Skottelgoedwasser,9711.78,6931.66,3,8340.360000000002,28.626266245734566
98,2024-10-24,Worcester,Toestelle,Wasmasjien,5585.33,4231.31,2,2708.039999999999,24.242435093360633
110,2024-10-26,Paarl,Meubels,Eetkamerstel,17167.99,11136.14,3,18095.550000000007,35.13428188157147
96,2024-10-27,Worcester,Meubels,Boekrak,20381.86,12425.14,3,23870.160000000003,39.03824282965343
112,2024-10-28,Stellenbosch,Toestelle,Skottelgoedwasser,12330.69,8535.72,1,3794.970000000001,30.776623206000647
102,2024-10-28,Stellenbosch,Toestelle,Wasmasjien,12218.96,8079.41,3,12418.649999999998,33.87808782416834
136,2024-10-29,Worcester,Toestelle,Stoof,17827.35,13486.57,3,13022.339999999997,24.348991858015907
131,2024-10-29,Stellenbosch,Meubels,Bed,12081.46,8232.24,2,7698.439999999999,31.860553277501225
146,2024-10-29,Stellenbosch,Meubels,Boekrak,19226.81,12190.22,3,21109.770000000004,36.597802755631335
145,2024-10-31,Stellenbosch,Meubels,Boekrak,16805.12,11739.12,3,15197.999999999995,30.14557468200167
144,2024-10-31,Stellenbosch,Toestelle,Stoof,17971.08,12511.65,2,10918.860000000004,30.378975554056858
148,2024-11-02,Stellenbosch,Toestelle,Wasmasjien,5532.55,3874.82,3,4973.1900000000005,29.963217684431232
133,2024-11-04,Stellenbosch,Meubels,Studeertafel,5014.81,3525.3,1,1489.5100000000002,29.70222201838156
150,2024-11-04,Worcester,Meubels,Studeertafel,24762.07,16969.45,3,23377.859999999997,31.46998615220779
138,2024-11-05,Stellenbosch,Meubels,Bed,7237.18,4497.7,3,8218.440000000002,37.85286534257819
143,2024-11-05,Stellenbosch,Meubels,Bank,3467.93,2422.86,1,1045.0699999999997,30.13526801290683
134,2024-11-06,Paarl,Toestelle,Wasmasjien,6591.86,4717.4,3,5623.38,28.43598013307322
127,2024-11-06,Paarl,Meubels,Studeertafel,21415.74,14009.88,1,7405.860000000002,34.58138733473605
149,2024-11-07,Worcester,Toestelle,Stoof,12239.76,9307.11,3,8797.949999999999,23.96002862801231
140,2024-11-08,Worcester,Meubels,Eetkamerstel,15334.9,10100.25,3,15703.949999999999,34.13553397805007
137,2024-11-09,Stellenbosch,Meubels,Bed,6972.66,4654.07,2,4637.18,33.25258939916761
126,2024-11-10,Paarl,Meubels,Boekrak,24089.8,15140.27,1,8949.529999999999,37.1507027870717
130,2024-11-10,Worcester,Toestelle,Stoof,12355.8,8581.56,2,7548.48,30.546302141504395
129,2024-11-12,Stellenbosch,Meubels,Bank,3686.03,2345.82,3,4020.63,36.359172334462826
142,2024-11-14,Paarl,Toestelle,Wasmasjien,16403.69,11862.44,2,9082.499999999996,27.684319808530876
141,2024-11-16,Paarl,Meubels,Boekrak,15593.41,10782.24,1,4811.17,30.853867114377167
135,2024-11-21,Paarl,Toestelle,Skottelgoedwasser,13691.87,10226.04,1,3465.83,25.3130507374084
139,2024-11-21,Worcester,Meubels,Hangkas,4207.42,2760.11,3,4341.93,34.3989903551345
132,2024-11-22,Stellenbosch,Meubels,Bank,20587.15,14006.58,2,13161.140000000003,31.964453554765964
122,2024-11-22,Paarl,Toestelle,Skottelgoedwasser,15410.76,10959.95,2,8901.619999999999,28.881184315374448
121,2024-11-23,Paarl,Meubels,Bank,14565.18,9135.33,3,16289.550000000001,37.27966286719423
147,2024-11-24,Stellenbosch,Meubels,Bank,9518.78,6030.12,1,3488.6600000000008,36.6502850155167
125,2024-11-25,Paarl,Meubels,Studeertafel,21438.35,13953.19,2,14970.319999999996,34.91481387326915
124,2024-11-25,Stellenbosch,Toestelle,Droër,14250.58,9776.61,1,4473.969999999999,31.39500287005862
123,2024-11-25,Paarl,Toestelle,Yskas,14082.84,9455.22,2,9255.240000000002,32.85999130857129
128,2024-11-26,Paarl,Toestelle,Droër,10664.71,7764.07,2,5801.279999999999,27.19848922286682
178,2024-11-28,Stellenbosch,Toestelle,Mikrogolf,11878.5,8450.14,3,10285.080000000002,28.861893336700767
159,2024-11-28,Paarl,Toestelle,Skottelgoedwasser,16522.72,12630.57,2,7784.300000000003,23.556351496605892
172,2024-11-28,Stellenbosch,Toestelle,Skottelgoedwasser,4309.73,3000.81,3,3926.759999999999,30.37127615883129
158,2024-11-29,Stellenbosch,Meubels,Hangkas,8714.58,5978.76,2,5471.639999999999,31.393595560543364
177,2024-11-30,Worcester,Meubels,Boekrak,18937.3,13035.5,3,17705.399999999998,31.164949596827423
173,2024-11-30,Worcester,Meubels,Bank,6496.64,4288.14,1,2208.5,33.994495616195444
171,2024-11-30,Stellenbosch,Toestelle,Droër,17628.85,13435.48,3,12580.109999999997,23.78697419287134
166,2024-11-30,Stellenbosch,Meubels,Eetkamerstel,24586.1,16637.8,3,23844.899999999998,32.32842947844514
165,2024-12-02,Worcester,Meubels,Bank,21306.95,14148.4,3,21475.65,33.59725347832515
179,2024-12-02,Worcester,Meubels,Bed,5005.62,3143.15,3,5587.41,37.20757868156192
174,2024-12-02,Stellenbosch,Toestelle,Skottelgoedwasser,13711.55,9403.28,2,8616.539999999997,31.420736532339514
154,2024-12-04,Stellenbosch,Meubels,Bank,13806.1,9856.34,3,11849.28,28.608803355038713
168,2024-12-05,Stellenbosch,Meubels,Bank,10521.19,7120.72,2,6800.9400000000005,32.32020332300814
156,2024-12-05,Worcester,Meubels,Eetkamerstel,9005.11,5951.34,3,9161.310000000001,33.911523568285126
152,2024-12-06,Stellenbosch,Meubels,Bed,7101.64,4912.88,2,4377.52,30.820486535504475
155,2024-12-06,Worcester,Meubels,Studeertafel,14813.44,9965.72,2,9695.440000000002,32.72514689363174
167,2024-12-09,Stellenbosch,Meubels,Studeertafel,20156.6,12560.81,2,15191.579999999998,37.683885179048055
157,2024-12-09,Worcester,Toestelle,Wasmasjien,8606.72,6526.69,3,6240.089999999999,24.167510968173705
176,2024-12-11,Worcester,Meubels,Eetkamerstel,24219.45,16706.71,1,7512.740000000002,31.01944924430572
175,2024-12-12,Paarl,Meubels,Eetkamerstel,9011.71,6391.75,1,2619.959999999999,29.07283967193795
160,2024-12-13,Stellenbosch,Meubels,Studeertafel,22943.3,15384.46,2,15117.68,32.94574015071938
169,2024-12-19,Paarl,Toestelle,Mikrogolf,13630.4,9134.92,3,13486.439999999999,32.981277145204835
162,2024-12-20,Stellenbosch,Meubels,Studeertafel,21414.29,14634.86,2,13558.86,31.65843929450848
161,2024-12-20,Paarl,Toestelle,Wasmasjien,16300.82,12138.17,1,4162.65,25.53644540581394
164,2024-12-21,Stellenbosch,Toestelle,Yskas,5804.18,4048.19,2,3511.9800000000005,30.25388599250885
180,2024-12-23,Worcester,Toestelle,Stoof,15155.17,10506.81,2,9296.720000000001,30.671777353866702
151,2024-12-23,Stellenbosch,Toestelle,Droër,12508.32,8950.71,2,7115.220000000001,28.441949038719834
170,2024-12-24,Stellenbosch,Toestelle,Wasmasjien,12150.39,8487.77,2,7325.239999999998,30.14405298924561
153,2024-12-25,Worcester,Toestelle,Wasmasjien,11255.65,8151.47,1,3104.1799999999994,27.5788603945574
163,2024-12-27,Stellenbosch,Toestelle,Mikrogolf,6220.47,4684.95,2,3071.040000000001,24.684951458651845
197,2024-12-31,Stellenbosch,Meubels,Eetkamerstel,17965.02,11176.96,3,20364.180000000004,37.78487304773388
206,2024-12-31,Worcester,Meubels,Bed,20016.41,12573.57,1,7442.84,37.18369078171361
199,2025-01-01,Worcester,Toestelle,Mikrogolf,9194.54,7053.84,2,4281.4000000000015,23.282295797288395
208,2025-01-03,Stellenbosch,Toestelle,Wasmasjien,10032.43,6937.09,3,9286.02,30.85334260991604
201,2025-01-03,Paarl,Toestelle,Yskas,17889.87,12434.66,1,5455.209999999999,30.493290336933693
193,2025-01-03,Worcester,Meubels,Eetkamerstel,3896.59,2460.92,2,2871.34,36.844266397029195
183,2025-01-03,Paarl,Meubels,Eetkamerstel,24655.73,15535.08,1,9120.65,36.992009565322135
185,2025-01-05,Paarl,Toestelle,Droër,16709.46,12368.23,3,13023.689999999999,25.98067202650475
189,2025-01-06,Stellenbosch,Meubels,Bank,18168.23,12659.28,2,11017.899999999998,30.321886061548092
204,2025-01-07,Stellenbosch,Meubels,Boekrak,11910.46,8045.56,3,11594.699999999997,32.449628309905734
207,2025-01-09,Stellenbosch,Meubels,Bank,4616.93,2918.58,2,3396.7000000000007,36.78526639996708
191,2025-01-09,Worcester,Meubels,Bed,18599.33,13093.79,2,11011.080000000002,29.60074368270255
202,2025-01-09,Stellenbosch,Toestelle,Skottelgoedwasser,14263.58,9691.59,2,9143.98,32.05359383829305
182,2025-01-10,Paarl,Meubels,Hangkas,7961.88,5025.8,2,5872.16,36.87671755916944
203,2025-01-11,Stellenbosch,Meubels,Hangkas,14277.53,9381.38,2,9792.300000000003,34.29269628570209
186,2025-01-11,Stellenbosch,Meubels,Bed,15559.9,9594.79,2,11930.219999999998,38.33642889735794
187,2025-01-11,Paarl,Toestelle,Yskas,14861.27,11330.55,1,3530.720000000001,23.757861878560856
194,2025-01-13,Stellenbosch,Meubels,Boekrak,6509.98,4583.52,2,3852.9199999999983,29.592410422151822
192,2025-01-15,Paarl,Toestelle,Stoof,10781.58,7910.34,2,5742.48,26.630976164903476
210,2025-01-15,Stellenbosch,Meubels,Bed,21571.75,15042.03,3,19589.159999999996,30.269774125882225
195,2025-01-16,Stellenbosch,Meubels,Studeertafel,7006.59,4874.25,3,6397.02,30.433349175561865
181,2025-01-19,Paarl,Toestelle,Wasmasjien,4017.25,2921.69,2,2191.12,27.271392121476133
200,2025-01-19,Worcester,Meubels,Boekrak,3646.68,2389.59,2,2514.1799999999994,34.47217743262364
188,2025-01-22,Paarl,Meubels,Studeertafel,4815.19,3366.94,2,2896.499999999999,30.076694792936514
184,2025-01-23,Stellenbosch,Meubels,Hangkas,24443.4,16834.61,3,22826.370000000003,31.12819820483239
209,2025-01-23,Worcester,Meubels,Hangkas,6687.62,4136.37,1,2551.25,38.14884817020106
190,2025-01-24,Stellenbosch,Toestelle,Stoof,5739.08,4349.13,1,1389.9499999999998,24.219038591551257
196,2025-01-25,Stellenbosch,Meubels,Hangkas,18822.44,12011.75,1,6810.689999999999,36.1838847673309
205,2025-01-25,Stellenbosch,Meubels,Hangkas,17346.71,11218.75,2,12255.919999999998,35.32635295107833
198,2025-01-26,Stellenbosch,Toestelle,Wasmasjien,16155.82,11963.2,1,4192.619999999999,25.951143303156382
234,2025-01-27,Paarl,Meubels,Hangkas,18755.31,12103.4,2,13303.820000000003,35.466809132986874
235,2025-01-27,Stellenbosch,Meubels,Boekrak,6991.64,4693.58,3,6894.180000000001,32.86868317018612
213,2025-01-28,Worcester,Meubels,Bed,15862.76,10914.96,1,4947.800000000001,31.191293318438916
219,2025-02-01,Paarl,Toestelle,Wasmasjien,4425.42,3383.24,2,2084.3600000000006,23.549855154990944
232,2025-02-02,Stellenbosch,Meubels,Studeertafel,10735.7,6738.99,1,3996.710000000001,37.22821986456403
214,2025-02-05,Stellenbosch,Toestelle,Droër,17325.36,12725.09,1,4600.27,26.552233258067943
227,2025-02-06,Stellenbosch,Toestelle,Droër,12996.06,9706.06,1,3290.0,25.315364810565665
222,2025-02-07,Worcester,Toestelle,Skottelgoedwasser,8041.6,5467.88,2,5147.4400000000005,32.00507361719061
223,2025-02-07,Stellenbosch,Meubels,Hangkas,12639.79,8974.48,1,3665.3100000000013,28.998187469886773
215,2025-02-08,Paarl,Meubels,Eetkamerstel,13754.62,9434.18,3,12961.320000000002,31.410827780047722
224,2025-02-15,Paarl,Meubels,Eetkamerstel,11264.79,7297.62,3,11901.510000000002,35.21743414657531
240,2025-02-15,Stellenbosch,Meubels,Eetkamerstel,21725.83,14911.76,1,6814.0700000000015,31.363911068069672
218,2025-02-16,Stellenbosch,Toestelle,Yskas,9240.15,6195.77,2,6088.759999999998,32.94730063905888
211,2025-02-17,Worcester,Meubels,Studeertafel,3752.13,2697.02,1,1055.1100000000001,28.120294339481845
229,2025-02-18,Stellenbosch,Meubels,Studeertafel,8413.53,5606.16,3,8422.110000000002,33.367326199585676
239,2025-02-20,Stellenbosch,Meubels,Bank,22800.51,14903.42,2,15794.179999999997,34.63558490577622
236,2025-02-20,Stellenbosch,Toestelle,Skottelgoedwasser,7591.88,5828.98,2,3525.800000000001,23.220862289709537
231,2025-02-20,Stellenbosch,Meubels,Studeertafel,22756.67,14617.37,3,24417.899999999994,35.76665654509205
217,2025-02-20,Stellenbosch,Toestelle,Skottelgoedwasser,10212.5,7741.48,2,4942.040000000001,24.19603427172583
228,2025-02-21,Stellenbosch,Toestelle,Yskas,10708.55,7189.31,2,7038.479999999998,32.86383310532238
237,2025-02-22,Worcester,Meubels,Studeertafel,16929.33,12107.26,3,14466.210000000005,28.483525337387842
230,2025-02-23,Paarl,Toestelle,Yskas,14016.87,10125.08,1,3891.790000000001,27.765043123036747
212,2025-02-23,Paarl,Toestelle,Skottelgoedwasser,12960.04,8966.3,1,3993.7400000000016,30.81579995123473
221,2025-02-23,Stellenbosch,Meubels,Hangkas,9998.45,7063.15,1,2935.300000000001,29.35755042031516
220,2025-02-23,Worcester,Toestelle,Droër,9514.1,6999.75,2,5028.700000000001,26.427617956506662
233,2025-02-25,Paarl,Meubels,Hangkas,9760.38,6831.29,3,8787.269999999997,30.00999961067089
226,2025-02-25,Stellenbosch,Meubels,Bed,15005.11,9948.48,2,10113.260000000002,33.69938640903
225,2025-02-25,Stellenbosch,Meubels,Boekrak,16416.3,11085.12,3,15993.539999999995,32.47491822152372
238,2025-02-25,Paarl,Meubels,Boekrak,8017.75,5124.14,2,5787.219999999999,36.09005020111627
216,2025-02-25,Stellenbosch,Meubels,Bank,7440.78,5108.59,2,4664.379999999999,31.34335378817812
251,2025-02-26,Stellenbosch,Meubels,Bank,24067.76,15353.89,3,26141.609999999997,36.205571270446434
270,2025-02-27,Stellenbosch,Toestelle,Mikrogolf,12652.72,9323.79,1,3328.9299999999985,26.309995005026575
243,2025-02-28,Stellenbosch,Meubels,Eetkamerstel,8102.84,5349.63,1,2753.21,33.9783335225674
250,2025-03-02,Stellenbosch,Meubels,Hangkas,15271.24,10618.32,2,9305.84,30.468514672024018
245,2025-03-03,Stellenbosch,Toestelle,Wasmasjien,4221.5,2983.43,2,2476.1400000000003,29.327727111216394
244,2025-03-04,Stellenbosch,Meubels,Eetkamerstel,16135.03,11127.57,2,10014.920000000002,31.034711432206823
269,2025-03-04,Worcester,Meubels,Eetkamerstel,4641.86,3252.51,2,2778.699999999999,29.930889772634234
246,2025-03-05,Stellenbosch,Toestelle,Yskas,16677.35,12529.76,1,4147.589999999998,24.869598587305532
260,2025-03-06,Paarl,Meubels,Hangkas,20730.36,14541.3,2,12378.120000000003,29.855053168396502
242,2025-03-06,Paarl,Toestelle,Skottelgoedwasser,5340.0,3598.79,3,5223.63,32.60692883895131
248,2025-03-06,Paarl,Meubels,Studeertafel,4538.5,3113.26,2,2850.4799999999996,31.40332709044838
253,2025-03-07,Stellenbosch,Toestelle,Stoof,16980.49,11813.79,3,15500.100000000002,30.42727271121152
254,2025-03-09,Stellenbosch,Toestelle,Mikrogolf,7411.19,5490.68,2,3841.0199999999986,25.913652193507374
267,2025-03-09,Stellenbosch,Toestelle,Stoof,9410.45,6867.73,2,5085.440000000002,27.020174380608804
241,2025-03-10,Stellenbosch,Toestelle,Wasmasjien,9935.23,6828.4,1,3106.83,31.270841238703078
256,2025-03-12,Stellenbosch,Meubels,Bank,10516.84,6932.54,2,7168.6,34.08153019348017
264,2025-03-14,Worcester,Toestelle,Skottelgoedwasser,9145.48,6205.49,2,5879.98,32.146918477761695
262,2025-03-14,Worcester,Toestelle,Wasmasjien,12052.29,8689.79,1,3362.5,27.899262297870358
252,2025-03-16,Paarl,Meubels,Bank,5126.88,3416.35,1,1710.5300000000002,33.363956246294045
261,2025-03-17,Stellenbosch,Meubels,Bank,6383.41,4104.12,2,4558.58,35.706464099908985
266,2025-03-17,Worcester,Toestelle,Skottelgoedwasser,5479.31,4042.02,1,1437.2900000000004,26.23122254444447
258,2025-03-19,Paarl,Meubels,Eetkamerstel,20298.07,13786.31,1,6511.76,32.08068550359714
255,2025-03-21,Stellenbosch,Toestelle,Wasmasjien,12518.81,9061.7,2,6914.2199999999975,27.615324459752955
259,2025-03-21,Stellenbosch,Meubels,Bed,5560.06,3915.85,3,4932.630000000001,29.571803181980055
265,2025-03-23,Paarl,Meubels,Studeertafel,15089.65,10858.66,1,4230.99,28.039020123064486
257,2025-03-24,Worcester,Meubels,Eetkamerstel,21156.29,13724.72,2,14863.140000000003,35.12700005530271
247,2025-03-24,Worcester,Meubels,Bed,7986.44,5243.16,1,2743.2799999999997,34.34922193117333
263,2025-03-27,Worcester,Meubels,Hangkas,22761.76,16058.64,3,20109.359999999997,29.44904084745643
268,2025-03-27,Stellenbosch,Meubels,Eetkamerstel,19593.58,13398.72,3,18584.58000000001,31.61678468151304
249,2025-03-27,Paarl,Toestelle,Mikrogolf,8540.67,6028.76,2,5023.82,29.41115860933627
285,2025-03-28,Stellenbosch,Meubels,Boekrak,10693.47,7515.0,3,9535.409999999998,29.723466751204235
286,2025-03-28,Paarl,Meubels,Bank,5164.7,3568.31,2,3192.7799999999997,30.909636571340055
280,2025-03-29,Paarl,Toestelle,Yskas,10126.44,7095.52,2,6061.84,29.930755527115156
279,2025-03-29,Stellenbosch,Meubels,Studeertafel,24036.89,15292.71,1,8744.18,36.37816705904965
289,2025-03-29,Stellenbosch,Toestelle,Droër,16541.4,11706.33,3,14505.210000000005,29.230113533316416
271,2025-03-30,Stellenbosch,Meubels,Studeertafel,16725.71,11324.63,3,16203.24,32.29208207005861
295,2025-03-31,Stellenbosch,Toestelle,Droër,14870.26,11038.8,3,11494.380000000003,25.765924738370416
273,2025-04-01,Stellenbosch,Toestelle,Skottelgoedwasser,9419.1,7292.79,3,6378.930000000001,22.574449788196326
284,2025-04-01,Paarl,Meubels,Eetkamerstel,3266.39,2357.12,1,909.27,27.837153554841894
293,2025-04-02,Paarl,Meubels,Bed,17207.84,11220.63,2,11974.420000000002,34.79350110182336
297,2025-04-07,Stellenbosch,Toestelle,Mikrogolf,15448.99,10759.02,3,14069.909999999998,30.357777433994066
291,2025-04-08,Stellenbosch,Meubels,Bank,7941.54,5249.46,3,8076.24,33.89871485883091
274,2025-04-13,Stellenbosch,Meubels,Hangkas,20387.43,13920.44,3,19400.97,31.720476783979144
300,2025-04-13,Paarl,Meubels,Bank,15276.93,10794.88,1,4482.050000000001,29.338682575622204
278,2025-04-13,Stellenbosch,Meubels,Boekrak,17337.63,12249.09,1,5088.540000000001,29.349686202785506
276,2025-04-13,Worcester,Toestelle,Skottelgoedwasser,4596.86,3276.65,1,1320.2099999999996,28.719821791396726
272,2025-04-13,Paarl,Toestelle,Droër,13157.06,9354.94,3,11406.359999999997,28.897945285648913
287,2025-04-15,Stellenbosch,Meubels,Boekrak,22775.82,16024.55,1,6751.27,29.642269740452814
290,2025-04-17,Worcester,Toestelle,Skottelgoedwasser,16884.16,12296.66,2,9175.0,27.170436669635915
282,2025-04-18,Stellenbosch,Meubels,Bed,4466.34,3020.07,3,4338.8099999999995,32.38154730719112
294,2025-04-19,Worcester,Toestelle,Wasmasjien,11616.23,8598.99,2,6034.48,25.974347959708098
296,2025-04-19,Stellenbosch,Toestelle,Wasmasjien,17123.43,11622.57,2,11001.720000000001,32.124755379033296
283,2025-04-19,Stellenbosch,Toestelle,Skottelgoedwasser,4669.63,3167.03,3,4507.799999999999,32.1781383107441
275,2025-04-20,Stellenbosch,Meubels,Bed,10117.01,7172.48,1,2944.5300000000007,29.104745374374453
298,2025-04-20,Stellenbosch,Meubels,Hangkas,14929.22,10206.3,3,14168.76,31.635410289352023
292,2025-04-22,Paarl,Meubels,Bank,23747.67,15373.64,1,8374.029999999999,35.262533124302294
299,2025-04-23,Stellenbosch,Meubels,Studeertafel,5062.65,3454.14,1,1608.5099999999998,31.772095641610616
277,2025-04-23,Paarl,Meubels,Boekrak,8852.42,5646.85,2,6411.139999999999,36.21122811615354
281,2025-04-24,Worcester,Meubels,Studeertafel,21152.91,14252.87,3,20700.119999999995,32.619814484153714
288,2025-04-26,Worcester,Toestelle,Stoof,5699.41,4206.57,2,2985.6800000000003,26.192886632125084
311,2025-04-27,Stellenbosch,Meubels,Hangkas,24603.32,15914.87,3,26065.35,35.31413646613546
305,2025-04-28,Paarl,Toestelle,Droër,16273.11,12707.15,3,10697.880000000003,21.913205281596454
318,2025-04-29,Stellenbosch,Meubels,Boekrak,20658.15,13897.31,1,6760.840000000002,32.72722872086804
325,2025-04-29,Paarl,Meubels,Hangkas,22796.33,14299.53,3,25490.4,37.272666258121376
322,2025-04-30,Stellenbosch,Meubels,Eetkamerstel,9063.47,6407.81,2,5311.319999999998,29.30069829767185
303,2025-05-01,Stellenbosch,Meubels,Boekrak,3115.05,2193.84,2,1842.42,29.572880050079455
306,2025-05-02,Stellenbosch,Toestelle,Droër,12302.62,8831.65,1,3470.970000000001,28.213258639216694
301,2025-05-02,Worcester,Meubels,Eetkamerstel,11832.87,8381.71,3,10353.480000000005,29.165874382123707
315,2025-05-02,Paarl,Toestelle,Skottelgoedwasser,6582.67,4705.4,2,3754.540000000001,28.51836716712216
328,2025-05-03,Paarl,Meubels,Bed,23834.79,17298.49,1,6536.299999999999,27.42335888002369
330,2025-05-05,Paarl,Meubels,Studeertafel,8003.01,5338.66,3,7993.050000000001,33.29184894183564
312,2025-05-05,Stellenbosch,Meubels,Bed,12548.43,7958.58,1,4589.85,36.57708573901277
308,2025-05-07,Stellenbosch,Meubels,Boekrak,14222.41,9960.73,1,4261.68,29.96454187440807
310,2025-05-12,Worcester,Meubels,Boekrak,10086.38,6972.72,3,9340.979999999996,30.86994541153515
316,2025-05-12,Stellenbosch,Toestelle,Droër,15643.76,11037.11,1,4606.65,29.447204508379055
309,2025-05-12,Paarl,Meubels,Boekrak,4161.69,2812.0,2,2699.379999999999,32.43129593987057
326,2025-05-15,Worcester,Meubels,Studeertafel,4149.67,2774.57,2,2750.2,33.137574795104186
323,2025-05-15,Stellenbosch,Toestelle,Yskas,15827.05,11158.3,1,4668.75,29.49854837130103
327,2025-05-16,Paarl,Toestelle,Yskas,6029.51,4537.93,1,1491.58,24.73799695165942
329,2025-05-16,Stellenbosch,Meubels,Boekrak,12195.78,7735.22,2,8921.12,36.57461843358932
319,2025-05-16,Paarl,Toestelle,Droër,14191.15,10342.48,1,3848.67,27.120212244955482
304,2025-05-16,Worcester,Meubels,Bed,24077.62,15971.34,3,24318.839999999997,33.66728106847769
307,2025-05-18,Stellenbosch,Meubels,Bank,16630.97,11010.21,1,5620.760000000002,33.796946299584455
302,2025-05-20,Stellenbosch,Toestelle,Droër,12623.8,8794.61,1,3829.1899999999987,30.333100968012793
324,2025-05-22,Stellenbosch,Meubels,Boekrak,16633.39,11369.6,1,5263.789999999999,31.645924252362263
321,2025-05-23,Paarl,Toestelle,Mikrogolf,4187.64,2958.72,2,2457.840000000001,29.34636215147435
314,2025-05-23,Stellenbosch,Toestelle,Stoof,13602.76,10614.58,3,8964.54,21.967453663815288
313,2025-05-24,Paarl,Toestelle,Stoof,14270.62,10107.53,1,4163.09,29.17245361448907
320,2025-05-24,Paarl,Meubels,Bed,6495.98,4472.91,1,2023.0699999999997,31.14341485041518
317,2025-05-25,Worcester,Toestelle,Stoof,7630.15,5507.75,3,6367.199999999999,27.815966920702735
331,2025-05-27,Stellenbosch,Toestelle,Wasmasjien,12580.6,8851.36,2,7458.48,29.642783333068373
356,2025-05-27,Stellenbosch,Meubels,Bed,9686.82,6741.42,2,5890.799999999999,30.406263355776197
336,2025-05-27,Stellenbosch,Meubels,Hangkas,6555.64,4289.62,1,2266.0200000000004,34.5659615232075
355,2025-05-28,Worcester,Meubels,Eetkamerstel,18271.31,12447.15,2,11648.320000000003,31.87598480897101
345,2025-05-29,Paarl,Toestelle,Skottelgoedwasser,17777.54,13329.29,1,4448.25,25.021740915784747
360,2025-05-31,Stellenbosch,Meubels,Hangkas,23197.68,15238.74,1,7958.9400000000005,34.30920678274724
346,2025-06-02,Stellenbosch,Toestelle,Yskas,9984.86,6958.31,3,9079.650000000001,30.311391446650227
333,2025-06-02,Stellenbosch,Meubels,Studeertafel,19484.24,12820.85,3,19990.170000000006,34.198870471724845
332,2025-06-03,Stellenbosch,Meubels,Bank,17612.13,11451.74,2,12320.780000000002,34.97810883748871
335,2025-06-03,Stellenbosch,Meubels,Boekrak,14986.65,10594.79,2,8783.719999999998,29.30514824860792
344,2025-06-05,Stellenbosch,Toestelle,Droër,5168.5,3991.21,3,3531.87,22.77817548611783
337,2025-06-06,Stellenbosch,Toestelle,Yskas,11811.73,8713.64,2,6196.18,26.228926668659035
359,2025-06-07,Stellenbosch,Toestelle,Droër,9325.61,7293.48,2,4064.260000000002,21.79085335972661
357,2025-06-11,Worcester,Meubels,Bed,20345.84,14184.59,2,12322.5,30.282603225032734
348,2025-06-11,Stellenbosch,Toestelle,Mikrogolf,16014.48,12260.56,2,7507.84,23.440786088589828
350,2025-06-11,Stellenbosch,Meubels,Eetkamerstel,22356.08,15259.74,1,7096.340000000002,31.742326919567297
354,2025-06-12,Paarl,Meubels,Boekrak,17996.73,11609.64,1,6387.09,35.49028073433341
341,2025-06-13,Paarl,Meubels,Hangkas,14726.64,9485.98,2,10481.32,35.586257286115504
334,2025-06-13,Paarl,Toestelle,Yskas,17692.87,13499.12,1,4193.749999999998,23.703051003031156
352,2025-06-15,Paarl,Meubels,Eetkamerstel,17325.25,11998.87,2,10652.759999999998,30.74345247543325
342,2025-06-18,Paarl,Meubels,Eetkamerstel,10988.22,7927.59,3,9181.889999999998,27.853737912054903
339,2025-06-20,Worcester,Meubels,Eetkamerstel,12703.59,8232.89,2,8941.400000000001,35.192414112861016
351,2025-06-20,Stellenbosch,Meubels,Bed,8277.23,5317.84,1,2959.3899999999994,35.75338609655645
340,2025-06-20,Stellenbosch,Meubels,Bed,15707.05,10900.6,3,14419.349999999997,30.600590180842357
349,2025-06-21,Stellenbosch,Toestelle,Wasmasjien,10596.35,8115.34,1,2481.01,23.413817021899053
347,2025-06-23,Paarl,Meubels,Boekrak,18825.78,13568.46,2,10514.64,27.926173576871715
338,2025-06-23,Stellenbosch,Meubels,Bank,13951.88,8910.34,3,15124.619999999997,36.13520185093335
353,2025-06-23,Paarl,Toestelle,Droër,17707.47,13214.18,1,4493.290000000001,25.375110052424205
358,2025-06-25,Paarl,Toestelle,Stoof,11846.17,8191.93,2,7308.48,30.847438454791714
343,2025-06-25,Worcester,Meubels,Bed,3734.44,2485.86,3,3745.74,33.43419629181349
375,2025-06-26,Stellenbosch,Toestelle,Stoof,5960.34,4242.87,1,1717.4700000000003,28.81496693141667
386,2025-06-28,Paarl,Meubels,Boekrak,15090.84,10938.2,2,8305.279999999999,27.517619960187766
366,2025-06-28,Paarl,Meubels,Bed,24758.62,17232.67,1,7525.950000000001,30.3972919330722
390,2025-06-28,Worcester,Toestelle,Yskas,4163.89,3027.58,3,3408.930000000001,27.289625806637552
370,2025-06-28,Stellenbosch,Toestelle,Mikrogolf,16749.47,12253.21,3,13488.780000000006,26.844192681917704
381,2025-06-29,Stellenbosch,Toestelle,Droër,17899.44,12468.48,2,10861.919999999998,30.341507890749654
361,2025-06-30,Stellenbosch,Toestelle,Yskas,13790.42,10631.75,1,3158.67,22.904813631492008
382,2025-07-01,Stellenbosch,Meubels,Eetkamerstel,12042.46,8737.88,1,3304.58,27.441071010408173
380,2025-07-03,Stellenbosch,Toestelle,Skottelgoedwasser,8833.12,6501.82,1,2331.300000000001,26.392712880612972
383,2025-07-03,Stellenbosch,Toestelle,Wasmasjien,15533.07,12163.86,2,6738.419999999998,21.690560848563738
365,2025-07-04,Stellenbosch,Toestelle,Wasmasjien,4674.0,3634.57,2,2078.8599999999997,22.238553701326484
364,2025-07-04,Stellenbosch,Meubels,Boekrak,9627.84,6673.1,3,8864.22,30.68954199488151
378,2025-07-06,Worcester,Toestelle,Wasmasjien,8744.05,6707.37,1,2036.6799999999994,23.292181540590455
387,2025-07-11,Stellenbosch,Toestelle,Yskas,13360.02,10074.28,2,6571.48,24.59382545834512
368,2025-07-11,Paarl,Toestelle,Mikrogolf,7083.15,5199.55,1,1883.5999999999995,26.592688281343747
369,2025-07-11,Stellenbosch,Toestelle,Mikrogolf,16159.72,11143.23,1,5016.49,31.043174015391354
379,2025-07-12,Stellenbosch,Meubels,Hangkas,23498.58,15790.0,1,7708.580000000002,32.80445031146563
367,2025-07-14,Worcester,Meubels,Boekrak,15821.75,11626.06,2,8391.380000000001,26.51849510958017
384,2025-07-15,Paarl,Toestelle,Droër,4715.9,3347.5,3,4105.199999999999,29.016730634661457
377,2025-07-15,Stellenbosch,Meubels,Studeertafel,3121.13,1969.61,2,2303.0400000000004,36.89432993819547
371,2025-07-15,Paarl,Toestelle,Skottelgoedwasser,6388.15,4997.86,2,2780.58,21.763577874658548
373,2025-07-17,Paarl,Toestelle,Mikrogolf,17307.43,12909.04,3,13195.169999999998,25.413305152758088
363,2025-07-18,Worcester,Meubels,Hangkas,5645.44,3598.58,1,2046.8599999999997,36.25687280353701
376,2025-07-19,Stellenbosch,Meubels,Eetkamerstel,7314.15,5079.02,1,2235.129999999999,30.55898498116663
372,2025-07-19,Paarl,Toestelle,Mikrogolf,13469.97,9383.27,2,8173.399999999998,30.33934002822574
374,2025-07-19,Worcester,Meubels,Hangkas,4560.51,2996.14,1,1564.3700000000003,34.30252318271422
389,2025-07-20,Stellenbosch,Meubels,Hangkas,5652.29,4098.18,2,3108.2199999999993,27.49522759801779
362,2025-07-22,Worcester,Toestelle,Stoof,12795.33,9452.25,3,10029.24,26.127344898490307
385,2025-07-25,Stellenbosch,Toestelle,Yskas,5602.83,4051.36,3,4654.41,27.69082767101625
388,2025-07-25,Worcester,Meubels,Hangkas,16994.11,12340.88,1,4653.230000000001,27.381428035948936
415,2025-07-26,Stellenbosch,Meubels,Hangkas,19759.56,13311.73,3,19343.490000000005,32.631445234610496
405,2025-07-26,Paarl,Meubels,Bed,14709.67,9571.12,1,5138.549999999999,34.93314261978684
403,2025-07-26,Stellenbosch,Meubels,Hangkas,16264.74,11712.52,1,4552.219999999999,27.988274020980352
396,2025-07-27,Paarl,Meubels,Boekrak,3985.13,2842.52,3,3427.8300000000004,28.67183755611486
413,2025-07-28,Paarl,Meubels,Bank,23768.93,15416.7,3,25056.69,35.13927635783352
398,2025-07-28,Stellenbosch,Meubels,Bed,5227.72,3775.83,2,2903.7800000000007,27.772910561391967
402,2025-07-29,Stellenbosch,Meubels,Bank,22801.83,14710.88,2,16181.900000000005,35.48377476720071
404,2025-07-29,Stellenbosch,Toestelle,Droër,9452.75,6865.72,2,5174.0599999999995,27.368014598926237
412,2025-08-01,Stellenbosch,Meubels,Hangkas,20391.22,13174.32,1,7216.9000000000015,35.392193306727115
411,2025-08-02,Paarl,Meubels,Eetkamerstel,23008.0,16314.67,1,6693.33,29.091316063977747
401,2025-08-03,Stellenbosch,Meubels,Eetkamerstel,6520.55,4142.99,3,7132.680000000001,36.46256834162763
417,2025-08-06,Stellenbosch,Toestelle,Mikrogolf,15292.25,11253.81,3,12115.320000000002,26.408409488466383
394,2025-08-08,Stellenbosch,Meubels,Boekrak,23165.98,15715.19,3,22352.369999999995,32.1626367630465
406,2025-08-08,Worcester,Meubels,Bank,21189.93,14996.15,2,12387.560000000001,29.22982756431947
416,2025-08-10,Worcester,Meubels,Bed,22042.7,16231.47,2,11622.460000000003,26.36351263683669
399,2025-08-10,Worcester,Meubels,Hangkas,12988.04,9163.24,1,3824.800000000001,29.448631202244535
408,2025-08-10,Stellenbosch,Meubels,Studeertafel,12768.96,8925.12,3,11531.519999999995,30.10299977445304
414,2025-08-11,Paarl,Meubels,Boekrak,21998.05,15288.95,2,13418.199999999997,30.49861237700614
395,2025-08-12,Paarl,Meubels,Bed,3603.25,2429.9,3,3520.0499999999997,32.5636578089225
393,2025-08-12,Stellenbosch,Toestelle,Wasmasjien,8288.39,6372.78,2,3831.2199999999993,23.111967462921022
419,2025-08-13,Stellenbosch,Meubels,Studeertafel,14229.51,9946.54,3,12848.909999999998,30.099209319224617
409,2025-08-14,Stellenbosch,Toestelle,Stoof,16324.41,12266.39,1,4058.0200000000004,24.85860132157916
407,2025-08-15,Stellenbosch,Meubels,Boekrak,8170.82,5887.38,3,6850.319999999999,27.94627711784129
397,2025-08-16,Stellenbosch,Meubels,Boekrak,11336.03,7182.72,3,12459.93,36.63813522017849
420,2025-08-16,Paarl,Toestelle,Droër,13628.11,10383.1,2,6490.02,23.81115209665904
410,2025-08-18,Paarl,Meubels,Studeertafel,6255.65,4521.86,1,1733.79,27.715585111059603
391,2025-08-19,Stellenbosch,Meubels,Bank,23022.96,16533.84,3,19467.359999999997,28.185428806721635
418,2025-08-21,Stellenbosch,Toestelle,Wasmasjien,12962.78,9296.05,3,11000.190000000004,28.286602102326825
392,2025-08-23,Stellenbosch,Toestelle,Wasmasjien,4943.38,3591.46,3,4055.76,27.348089768538937
400,2025-08-23,Worcester,Meubels,Eetkamerstel,14702.08,9515.7,2,10372.759999999998,35.27650509315688
439,2025-08-25,Stellenbosch,Toestelle,Mikrogolf,12005.33,9420.11,3,7755.659999999998,21.53393534371816
436,2025-08-25,Stellenbosch,Meubels,Bed,3002.96,2071.26,2,1863.3999999999996,31.02605429309747
433,2025-08-26,Stellenbosch,Toestelle,Droër,10484.42,7479.76,1,3004.66,28.658333031297868
446,2025-08-27,Paarl,Meubels,Studeertafel,12147.55,8646.96,1,3500.59,28.81725121526563
445,2025-08-28,Stellenbosch,Meubels,Hangkas,19957.17,12690.74,3,21799.289999999994,36.41012227685588
440,2025-08-29,Stellenbosch,Toestelle,Mikrogolf,13451.96,9427.8,3,12072.48,29.915045837186554
425,2025-08-30,Worcester,Toestelle,Wasmasjien,14124.09,10144.71,2,7958.760000000002,28.17441690048705
426,2025-08-30,Stellenbosch,Meubels,Eetkamerstel,16905.98,11778.74,2,10254.48,30.327966790449295
430,2025-09-01,Stellenbosch,Meubels,Hangkas,10072.91,6910.65,1,3162.26,31.393708471534048
449,2025-09-05,Paarl,Meubels,Bed,22584.73,15042.31,3,22627.260000000002,33.396104359007175
427,2025-09-06,Stellenbosch,Meubels,Hangkas,9590.44,6173.71,3,10250.190000000002,35.62641547207427
423,2025-09-07,Stellenbosch,Meubels,Eetkamerstel,19233.13,13923.94,1,5309.1900000000005,27.604399283943902
438,2025-09-08,Stellenbosch,Toestelle,Skottelgoedwasser,17032.42,13219.46,3,11438.879999999997,22.38648412850317
443,2025-09-09,Worcester,Toestelle,Droër,7765.55,5738.12,3,6082.290000000001,26.10800265274192
448,2025-09-10,Stellenbosch,Meubels,Boekrak,19249.14,12878.22,1,6370.92,33.09716693836712
447,2025-09-10,Paarl,Meubels,Hangkas,7746.29,5479.69,1,2266.6000000000004,29.26045887773373
444,2025-09-12,Paarl,Meubels,Studeertafel,13968.56,9448.19,1,4520.369999999999,32.36103077196218
428,2025-09-12,Worcester,Meubels,Hangkas,4104.97,2640.79,1,1464.1800000000003,35.66847017152379
434,2025-09-14,Worcester,Meubels,Boekrak,6143.27,4409.19,2,3468.1600000000017,28.227312164368502
429,2025-09-15,Paarl,Meubels,Bank,9182.1,6617.61,2,5128.980000000001,27.929231875061266
422,2025-09-15,Stellenbosch,Toestelle,Stoof,17969.49,13661.42,1,4308.0700000000015,23.97435876032097
421,2025-09-16,Paarl,Toestelle,Skottelgoedwasser,9022.02,6981.01,3,6123.030000000001,22.62253907661477
432,2025-09-20,Paarl,Meubels,Hangkas,12986.83,9384.4,2,7204.860000000001,27.739101843944987
431,2025-09-20,Paarl,Meubels,Studeertafel,16276.85,10962.41,1,5314.4400000000005,32.650297815609285
441,2025-09-21,Stellenbosch,Meubels,Eetkamerstel,21573.47,15256.48,3,18950.970000000005,29.281288545607183
437,2025-09-21,Paarl,Meubels,Bed,4379.17,3172.74,1,1206.4300000000003,27.549284453446667
450,2025-09-21,Paarl,Toestelle,Droër,11222.07,8045.17,1,3176.8999999999996,28.30939389969943
442,2025-09-22,Stellenbosch,Toestelle,Skottelgoedwasser,6559.3,4709.94,3,5548.080000000002,28.194471971094487
435,2025-09-23,Stellenbosch,Meubels,Bank,5944.22,4174.53,3,5309.0700000000015,29.771610068268007
424,2025-09-23,Stellenbosch,Meubels,Studeertafel,21082.39,15206.97,1,5875.42,27.86885168142701
472,2025-09-24,Stellenbosch,Meubels,Hangkas,7182.37,5190.1,3,5976.809999999999,27.73833706701269
467,2025-09-24,Worcester,Toestelle,Droër,15297.52,11326.13,2,7942.7800000000025,25.96100544401969
465,2025-09-26,Stellenbosch,Meubels,Studeertafel,13940.87,9239.91,2,9401.920000000002,33.72070753116556
473,2025-09-26,Stellenbosch,Toestelle,Stoof,11300.43,8989.02,3,6934.23,20.454177407408388
456,2025-09-26,Stellenbosch,Toestelle,Mikrogolf,12986.04,9768.06,3,9653.940000000004,24.780302540266323
479,2025-09-26,Worcester,Meubels,Eetkamerstel,24006.63,16586.73,1,7419.9000000000015,30.90771174463055
459,2025-09-28,Paarl,Toestelle,Yskas,10777.08,8309.18,3,7403.699999999999,22.89952380422155
455,2025-09-29,Stellenbosch,Meubels,Bed,5644.56,3762.39,1,1882.1700000000005,33.34484884561419
480,2025-10-01,Paarl,Meubels,Boekrak,4995.88,3206.19,3,5369.07,35.823318414373446
458,2025-10-02,Worcester,Toestelle,Skottelgoedwasser,9572.07,6927.45,3,7933.86,27.628506686641447
476,2025-10-03,Paarl,Toestelle,Mikrogolf,8998.41,7108.93,2,3778.959999999999,20.99793185685026
463,2025-10-07,Worcester,Toestelle,Mikrogolf,12999.46,10108.96,3,8671.5,22.235539014697537
453,2025-10-07,Stellenbosch,Toestelle,Mikrogolf,9567.07,7391.38,3,6527.069999999999,22.74144539550771
462,2025-10-10,Stellenbosch,Toestelle,Yskas,8412.06,6064.05,1,2348.0099999999993,27.912425731628154
474,2025-10-11,Stellenbosch,Toestelle,Droër,14056.64,10089.88,1,3966.76,28.21983062808751
468,2025-10-13,Stellenbosch,Meubels,Eetkamerstel,6646.5,4557.47,1,2089.0299999999997,31.430527345219282
470,2025-10-14,Stellenbosch,Toestelle,Mikrogolf,17927.47,13754.04,2,8346.86,23.279525778037836
454,2025-10-14,Paarl,Toestelle,Mikrogolf,17664.19,12450.53,1,5213.659999999998,29.515420746719766
464,2025-10-14,Worcester,Meubels,Boekrak,14853.89,9577.01,2,10553.759999999998,35.52523951638257
477,2025-10-15,Worcester,Meubels,Bank,10076.74,7341.06,3,8207.039999999997,27.14846269726121
471,2025-10-16,Paarl,Meubels,Studeertafel,12613.91,8847.93,3,11297.939999999999,29.855770336081356
460,2025-10-17,Paarl,Meubels,Bed,8261.49,5739.75,2,5043.48,30.524033800198268
475,2025-10-18,Stellenbosch,Toestelle,Mikrogolf,11911.19,9214.23,2,5393.920000000002,22.642238097117087
478,2025-10-19,Stellenbosch,Meubels,Studeertafel,13579.58,9624.8,2,7909.560000000001,29.122992021844567
457,2025-10-21,Paarl,Meubels,Boekrak,21635.34,13864.1,3,23313.72,35.91919516864537
466,2025-10-21,Stellenbosch,Meubels,Bank,8321.65,5754.87,1,2566.7799999999997,30.844604134997265
452,2025-10-22,Stellenbosch,Meubels,Hangkas,14680.63,10300.07,1,4380.5599999999995,29.83904641694532
469,2025-10-22,Stellenbosch,Toestelle,Stoof,15104.0,11816.12,2,6575.759999999998,21.76827330508474
461,2025-10-22,Paarl,Meubels,Hangkas,11044.98,7314.81,3,11190.509999999998,33.772537388026045
451,2025-10-23,Paarl,Meubels,Hangkas,10421.6,6673.51,2,7496.18,35.96463115068704
494,2025-10-24,Stellenbosch,Meubels,Boekrak,7934.46,5648.25,3,6858.63,28.813681082266466
490,2025-10-25,Paarl,Meubels,Boekrak,6335.09,4653.78,3,5043.930000000001,26.539638742306742
487,2025-10-25,Stellenbosch,Meubels,Boekrak,7498.14,5011.02,3,7461.36,33.16982611687698
504,2025-10-26,Worcester,Toestelle,Mikrogolf,13394.77,9924.9,1,3469.870000000001,25.90466279002925
499,2025-10-30,Paarl,Meubels,Bank,13601.08,9244.25,3,13070.49,32.03297091113353
493,2025-10-31,Stellenbosch,Meubels,Studeertafel,9686.74,6447.91,3,9716.49,33.43570695610701
495,2025-11-01,Stellenbosch,Toestelle,Yskas,8241.03,6009.35,1,2231.6800000000003,27.080110131864586
489,2025-11-02,Worcester,Meubels,Eetkamerstel,21388.17,14469.44,2,13837.459999999995,32.34839633311311
501,2025-11-02,Stellenbosch,Toestelle,Yskas,13760.93,10606.39,3,9463.620000000003,22.923886684984232
496,2025-11-03,Stellenbosch,Meubels,Bed,11160.7,8229.75,2,5861.9000000000015,26.26134561452239
508,2025-11-05,Worcester,Meubels,Bed,9794.36,6783.08,1,3011.2800000000007,30.74504102360951
481,2025-11-06,Worcester,Meubels,Hangkas,16684.87,12464.53,1,4220.339999999998,25.294413441639037
484,2025-11-07,Stellenbosch,Meubels,Bank,17950.1,11937.76,1,6012.339999999998,33.49474376187319
498,2025-11-08,Stellenbosch,Meubels,Bank,18605.06,12258.91,3,19038.450000000004,34.109806686998056
492,2025-11-09,Paarl,Meubels,Boekrak,14495.22,9376.42,2,10237.599999999999,35.313710312778966
505,2025-11-10,Stellenbosch,Meubels,Boekrak,20296.52,14603.18,2,11386.68,28.05081856397057
483,2025-11-10,Worcester,Meubels,Bank,21475.96,15491.53,1,5984.4299999999985,27.865715898148437
497,2025-11-14,Stellenbosch,Meubels,Hangkas,11650.29,8203.3,1,3446.9900000000016,29.58716049128392
485,2025-11-14,Paarl,Meubels,Studeertafel,14367.36,10374.55,3,11978.430000000004,27.790839792418375
486,2025-11-15,Stellenbosch,Meubels,Bank,22636.28,15524.83,3,21334.35,31.416160252479646
502,2025-11-15,Worcester,Meubels,Bank,19037.58,13956.2,1,5081.380000000001,26.691312656335526
507,2025-11-16,Worcester,Meubels,Eetkamerstel,14023.93,10047.78,1,3976.1499999999996,28.352608719524408
482,2025-11-16,Paarl,Meubels,Boekrak,21639.98,15957.72,2,11364.52,26.258157355043764
506,2025-11-17,Stellenbosch,Toestelle,Stoof,4159.85,3201.53,2,1916.6400000000003,23.037369135906342
510,2025-11-18,Worcester,Toestelle,Mikrogolf,8060.64,6348.11,3,5137.590000000002,21.24558347724251
491,2025-11-18,Stellenbosch,Meubels,Studeertafel,3826.56,2505.2,2,2642.7200000000003,34.531276133132636
503,2025-11-18,Stellenbosch,Meubels,Bed,10597.52,7173.27,1,3424.25,32.31180502608157
488,2025-11-19,Paarl,Meubels,Hangkas,4565.48,2960.25,3,4815.689999999999,35.160158406125966
509,2025-11-20,Worcester,Toestelle,Stoof,9551.75,6767.57,2,5568.360000000001,29.148375952050674
500,2025-11-21,Paarl,Toestelle,Droër,14930.25,11498.35,3,10295.699999999999,22.986219252859126
516,2025-11-23,Paarl,Toestelle,Droër,14933.94,11673.58,1,3260.3600000000006,21.831880936979793
527,2025-11-24,Stellenbosch,Meubels,Boekrak,23597.88,16564.06,3,21101.46,29.806999611829532
526,2025-11-24,Worcester,Meubels,Hangkas,16754.5,11457.7,1,5296.799999999999,31.614193201826367
513,2025-11-26,Stellenbosch,Meubels,Bed,23569.88,16262.56,2,14614.640000000003,31.002788304395274
511,2025-11-29,Paarl,Meubels,Hangkas,16747.23,11808.86,3,14815.109999999997,29.487682440618535
517,2025-11-30,Stellenbosch,Meubels,Bank,23707.99,17589.53,2,12236.920000000006,25.807586387542774
521,2025-12-04,Paarl,Meubels,Eetkamerstel,4662.84,3477.83,3,3555.0300000000007,25.413910835456505
514,2025-12-05,Paarl,Meubels,Bed,9286.68,6409.77,3,8630.73,30.978885888175316
518,2025-12-06,Stellenbosch,Toestelle,Yskas,17589.47,12481.17,2,10216.600000000002,29.041807399540755
520,2025-12-06,Stellenbosch,Meubels,Bed,19283.55,13719.25,2,11128.599999999999,28.855164116565675
524,2025-12-07,Paarl,Meubels,Eetkamerstel,8964.12,6345.74,1,2618.380000000001,29.20955988987208
519,2025-12-08,Paarl,Meubels,Boekrak,12300.03,8375.8,3,11772.690000000004,31.90423112789157
539,2025-12-09,Paarl,Toestelle,Mikrogolf,11490.36,8191.67,3,9896.070000000002,28.70832593582795
522,2025-12-11,Stellenbosch,Toestelle,Stoof,12731.08,9764.83,2,5932.5,23.29928018675556
530,2025-12-11,Stellenbosch,Toestelle,Mikrogolf,10081.65,7813.76,2,4535.779999999999,22.495226475824882
515,2025-12-12,Paarl,Meubels,Hangkas,11226.26,8364.83,1,2861.4300000000003,25.48872019710928
540,2025-12-12,Stellenbosch,Toestelle,Droër,14991.37,11418.61,1,3572.76,23.832111408096793
529,2025-12-14,Worcester,Meubels,Bank,19342.15,13130.76,3,18634.170000000006,32.11323456802889
535,2025-12-14,Worcester,Toestelle,Stoof,7966.27,6228.36,3,5213.730000000002,21.815856103295527
538,2025-12-14,Worcester,Toestelle,Stoof,10360.84,7926.54,3,7302.900000000001,23.495199230950387
523,2025-12-15,Paarl,Toestelle,Droër,7512.5,5784.33,1,1728.17,23.003926788685526
528,2025-12-15,Worcester,Meubels,Studeertafel,16579.48,11988.83,2,9181.3,27.688745364752087
531,2025-12-17,Worcester,Meubels,Eetkamerstel,17029.14,11405.18,1,5623.959999999999,33.02550804092279
512,2025-12-17,Worcester,Meubels,Boekrak,7112.12,4593.72,1,2518.3999999999996,35.409976209625256
532,2025-12-18,Stellenbosch,Meubels,Boekrak,3302.4,2214.02,1,1088.38,32.95724321705427
536,2025-12-18,Paarl,Toestelle,Stoof,11300.29,7964.11,2,6672.360000000002,29.52295914529628
537,2025-12-18,Stellenbosch,Meubels,Eetkamerstel,14843.3,9983.96,1,4859.34,32.737598781942026
525,2025-12-20,Stellenbosch,Meubels,Bed,6406.23,4773.56,2,3265.3399999999983,25.485660052792348
534,2025-12-21,Stellenbosch,Meubels,Bank,11188.41,7602.64,2,7171.539999999999,32.04896853082788
533,2025-12-22,Stellenbosch,Meubels,Bank,4375.58,3032.36,3,4029.6599999999994,30.698101737369672
